{
  "model": "sgd",
  "label_mode": "4",
  "img_size": 64,
  "best_params": {
    "alpha": 0.1
  },
  "cv_folds": 5,
  "train_shape": [
    4008,
    12288
  ],
  "test_shape": [
    912,
    12288
  ],
  "elapsed_seconds": 745.4566051959991,
  "convergence_warnings": [],
  "accuracy": 0.40460526315789475,
  "classification_report": {
    "autunno": {
      "precision": 0.4148471615720524,
      "recall": 0.3667953667953668,
      "f1-score": 0.38934426229508196,
      "support": 259.0
    },
    "estate": {
      "precision": 0.4021164021164021,
      "recall": 0.40860215053763443,
      "f1-score": 0.4053333333333333,
      "support": 186.0
    },
    "inverno": {
      "precision": 0.46946564885496184,
      "recall": 0.4659090909090909,
      "f1-score": 0.467680608365019,
      "support": 264.0
    },
    "primavera": {
      "precision": 0.3232758620689655,
      "recall": 0.3694581280788177,
      "f1-score": 0.3448275862068966,
      "support": 203.0
    },
    "accuracy": 0.40460526315789475,
    "macro avg": {
      "precision": 0.40242626865309544,
      "recall": 0.4026911840802274,
      "f1-score": 0.40179644755008276,
      "support": 912.0
    },
    "weighted avg": {
      "precision": 0.407678724713292,
      "recall": 0.40460526315789475,
      "f1-score": 0.4053726365600781,
      "support": 912.0
    }
  },
  "confusion_matrix": [
    [
      95,
      28,
      81,
      55
    ],
    [
      23,
      76,
      32,
      55
    ],
    [
      63,
      31,
      123,
      47
    ],
    [
      48,
      54,
      26,
      75
    ]
  ],
  "label_names": [
    "autunno",
    "estate",
    "inverno",
    "primavera"
  ],
  "validation_curve_path": "validation_curve_4.png"
}